Peptide,Count
VANVRPS,1
,339
TGKLDSR,6
VGNHVHP,2
KSPYVLA,1
DYAAMTP,1
LSGNLVR,3
RFDSNAL,1
HPHHGCP,1
ASSRSLL,1
FALSLDL,1
AKSSAGL,2
LRAAHCM,2
YTEAKWV,1
SESQKWD,1
TMPSRVQ,1
KYGVRAD,1
EATAKQI,1
GCAVAWV,1
MGTMRAN,1
VKHLPTL,2
DCSPECA,3
EVQPLRR,1
SLYTIHD,1
QQRDLNE,1
YDQHVWQ,1
QTWHAPT,1
GLRGNDV,1
IWKEIML,1
FPSAHDV,1
PEQSLNR,1
TRHVVAM,4
AGLRNQD,1
ADSVSPR,2
SQNNKVS,1
AKGDANG,1
DEKYVSQ,2
VRAMSQC,1
NCPKEHA,1
YCNGHLS,1
KSITWAE,1
WGSYLRC,1
NWADIRR,1
MRTHNQV,1
GQTIRLT,1
LKGCPTD,3
LRFSTEM,1
RADQSCA,1
PNHALRF,1
HGEDGRL,1
VFVKGQI,2
TLQKNRC,1
ARAQTSL,1
CMKGGYL,2
QQGIELS,1
RGTHLPP,1
RRRKGAE,1
PRRPLVP,1
EGSINRE,1
HTPVAVQ,1
RNSSTNY,1
LNNSGKA,1
VMISGGN,1
TRAGMET,1
SMTRNTN,1
TFRDVRG,2
KMVSILI,2
KSQKNML,1
GVKGRQW,1
PTAAGTV,1
RNGHILI,4
TKNNSAT,2
SHSTDGV,2
QVQKAYG,2
AIADSMA,2
NHSNSQL,1
LANEAYP,1
KKTEKDT,3
VSGFNNC,1
QKNHNVI,2
RDNRVVL,2
ILVSQNQ,1
AGCHYTG,1
NTMKTRV,1
QLRALIT,1
VVVREAG,1
SGSKMAF,4
TYRPLKE,2
LPNNKMW,1
YAQPVKT,3
ARREEGA,1
QKFEPYK,1
NNTRLGP,1
QGGRSMA,1
QQCATRF,1
KTSENYQ,1
QISLHVG,1
LQPQIHK,2
EIRTYAK,2
QKYDTRT,1
TRYNTTA,2
ANLGIAR,1
NREMRDK,1
MDRRAHN,1
KRIVDHI,1
YCIELNR,2
DESMYGH,2
QTTRMED,1
QTKHVIH,1
SKVTVEC,1
HPSGRHD,1
SAPPGR,1
GRVSGGC,3
SRIRVMD,1
ACETNLH,2
NKGTNVA,1
VHPRTAT,1
AGSQLFE,1
DVSKVQS,2
DNRPHKL,1
PWSHAMP,2
ETVKV,2
LQEAKNE,2
ILTIGKT,1
ADNHSAE,1
KSPSKVH,2
VKMIDNF,2
SQIIHTG,2
YLVTATY,1
RIMSVDT,2
GVFRACD,1
EAPKKFL,2
RVRTPAM,1
INPSITR,1
MVGISRT,4
KGAECIT,3
SSGF,1
LVRSLNC,2
RTEQHML,1
PQLEAYK,1
QSQYNLI,1
HEACRRL,2
RDRPLSL,2
KPTRNEMR,1
TQVYVTS,2
ESLTKAR,1
TTNQSHD,1
VIGNGAS,1
LCSTGIS,1
DMSNLRS,1
LMEFNHQ,1
TIKYPHI,1
RSELACV,1
TTANFNA,1
VVCSPGK,1
IRQNTEH,1
VGPPRMV,1
QFHKCKD,1
VPPFDTR,1
CGAMVKG,1
SAKWEEW,2
NMYTTRG,1
YTIRRET,1
RTDPTPH,1
ARITGQS,1
PEMKSDF,1
VALIGRD,1
CKSPGAE,2
CINWTSC,1
VGKPMQE,1
ATREQTM,2
KKLEGVR,3
QTRHAPM,2
KKGTELG,2
ERTSAVS,2
VDEQSLK,1
ADFNPCF,1
ISAKPST,1
VGGTKNP,2
NAPMNVR,1
SPLNRMI,2
QPGNRQE,1
YATCSKP,2
ACNVDFR,1
QMWKCLL,1
LLSPLLD,1
TAREQTM,1
VLREGTP,1
CPTQKSS,3
WRQMGKD,2
LNGSRPN,1
INFQPVT,1
SLYNAFP,2
HTPRPTS,3
QSDKSFP,2
YESRDMR,1
IKTGFGA,1
ARTVGWL,1
TMEARAE,2
LNDIKLR,2
NTKPTLA,1
QCSNLSR,1
VRGLHYS,1
KAHAGTA,1
KARDPDI,2
SVMSVRG,1
LHKLNLP,1
RVPGVDI,2
PLGACRC,1
KGSMGEG,1
RAMNSDI,1
TSSNGNS,1
LPWGTTC,2
IGKAANN,1
PKSQLRI,2
SHRRVKE,1
MVCGPNG,1
TSSICVD,1
EIHSRTC,1
MGRNMNV,2
STQPRFH,1
DVSKV*S,1
GETSKKI,2
RQEVKKV,1
AASAR,1
RSYHAFS,2
VGDFHTN,1
PRSSHVR,1
KFHSSLG,1
PNRSPA,1
AGRDLRS,1
SGALRNC,1
MERTVIL,2
SRGKMQA,1
MIDRGKE,2
ALTSYGA,1
MTCGSAS,1
PFCGRLG,1
GRTNVVT,2
AGMSCGP,1
GEMHTDI,1
SVHGGNA,1
PRCNLHS,1
DDYSQVT,1
TNVNKHS,2
LISYATR,2
VQSDNHI,2
MYTSRMP,1
VFGDDWI,1
MTSTRTG,3
EVPSSRN,1
GHCGHII,2
FVRDGYW,1
RGGEWMG,2
WYAPALM,1
SPPRHLS,1
LLVNRVP,1
CLVLSTF,1
KGVAWGV,1
MYVKAER,1
VPSDRKV,2
LQGNENA,2
GCDVPMF,1
RPDVNIG,1
HWTDFSR,1
PADRVTR,2
PLSPHRF,1
PEYESVM,2
KPTSKMG,1
VDKTQTS,2
MRSTTAC,1
QSALCLG,2
HYAECSR,1
TSVRGMV,2
GNCVRGM,2
HKNAINS,1
NHECGLE,2
YQKDNES,1
VQRAVRD,1
PQNNYLA,1
PTARRVF,1
HDRYFMV,1
APTYDKC,1
NTRSVGT,3
PCVGENV,2
AHVFDNC,2
QQRAMMG,1
KSNAFKK,1
LLSWQPL,1
PLEQSEY,1
PQSENVA,1
SRLERSC,2
SSKYGNT,1
GCAEKRS,1
RDMMRLP,3
FRPVEKS,1
RPDDCNN,1
VTGRLSY,1
VEGANHS,1
QGGWATQ,1
VSANIRF,1
SVHKQPI,1
NGITTDA,1
PMVTAQM,2
LRSVAGQ,1
HHSLSRA,1
CVLPGGA,1
INEKKNH,1
MGMTAKD,1
HHEGVRP,1
ESSRHGT,2
LSGAMKP,1
CRMPSKG,1
KACVQHV,1
RLDQMTN,1
KDYSHYC,1
TMSRGCG,2
GSCKKDL,1
THLYKIH,1
KIFEVRG,1
AMSSHSS,1
RPAQTLL,1
CKEGRRD,2
EQGVYHM,1
SRKALSE,1
KSDFRNT,1
LTETRKC,2
SGSAQCR,1
SGNDGHK,2
DECGTCT,1
LGGNMFN,2
AARERAI,1
MNRVIEG,2
VNMSYTS,1
SGAVALS,2
NTGKENG,1
AFDTMHV,1
FEKVCGV,1
KYDKHIL,1
NNNTKLA,1
ACKSRQG,2
MESKMKV,1
PRTLALT,1
RSPCQVR,1
LTRGPSG,2
NRQEESM,1
RNPMTAS,1
AKNWSDC,2
PFVGTCP,1
QQPKHHS,1
FLRDVPP,2
QRETHKD,2
WQSGSRM,2
VGRLKTE,1
DHRKVSV,2
TSTLNHA,2
CGIFLPT,1
SSVRSTS,2
KYNQSYA,1
RHASHDS,2
GQGSTGR,1
SDNLTAP,1
DQRQKYA,1
TMNTPAC,1
REMLKMT,2
MPSSPKR,1
GRWSDAA,2
EIRNSGH,1
KQPMTGG,1
GVRALQH,2
SKDERDW,2
WIPTGHD,1
GCETRQV,1
RLPTSHT,1
KGVGCVR,1
APRTEWG,1
TSDCKFG,2
ALTGSTL,1
WLALNDY,1
VWCGMQW,1
LRLSHAL,1
VTNADVN,1
IVTVQNC,1
TEKGMKN,1
ANTHVRA,2
DQHSKHC,1
LNCETYK,1
GLPPKSV,1
PPRLSPG,1
SLLSSLH,1
TINKDIA,1
PKFQSDK,1
VRSATSF,1
CYAMNSA,2
TKIVDRC,1
NGKYDFG,1
RNKYTNY,1
HLGGKMW,1
GNRMNGQ,1
TLRTIIA,1
SEDSVLS,1
AWGTNMR,1
LQMCVSV,1
NGKNTNM,1
YCGERMV,1
QNVWNGS,2
DEKQYRY,1
FPAHVQR,1
TCREAST,1
CSGERFA,1
ATPHSLH,1
ATERPHA,1
PSDKNCT,1
CPQGVKD,1
WEVEKCS,2
QYAQVTN,1
REGHYAL,3
LENTQQS,2
QMCEKNQ,2
MCVGIML,1
CALADQG,1
GGSINRE,1
TQKNHGM,1
MDKKGYS,1
GTGGVPR,1
CLSLNIL,1
MTAADRP,1
MVQDCQM,1
AMDEAFL,1
VVGGVRV,1
KGQAGHR,1
CLVASTF,1
GTSNDGR,1
VTASRPD,1
NYSITQS,1
AATSQDS,1
MNARPLD,1
KYDQYPI,1
AYPCQPV,1
SNPVYPV,1
FKSVCSL,1
ILPGTYM,1
KHSGSDD,1
PSNKYSS,1
VAERLGH,1
QCDPAYN,1
TTECRDN,1
RLSALTP,1
SNRDMDR,1
IRAQLGP,1
PMRPPID,1
QTMGRQH,1
DTNLRYD,1
QSAQACT,1
QDRQSSM,1
VRSEMWC,2
KEGPNGT,1
DRQTGMI,2
TYGITVQ,3
NQPHGMA,1
TMAKNEY,1
TPAKTVP,1
DGSRYSS,2
FTATVNK,1
NGEPRNL,1
TGPTAVM,1
RFALSNH,1
STQRGGV,2
PCRGET,1
ATNSPPP,1
QQVSTAH,1
GRSMSTG,1
NTLIQPH,1
KCDLTFT,1
TNLHTNH,1
ICGTGRI,1
VSLNYGS,1
GIGTVHV,1
AGRSLTV,2
LPNAGDE,2
AEWRKLM,1
GAFFESG,1
DTEGEPC,1
TSTHVKT,1
GIAASKG,1
PGRMMHE,2
TASWLKG,1
AEFTPKR,2
SNYPLYR,1
TMPRIGS,1
MTYDHMV,1
AFVQVPN,1
ANGGQGD,1
QKLGGSS,2
NIGRNIM,1
MSKPPIP,1
GKWAITA,1
GAKGVER,1
EAFGVSL,1
GGHTLQE,2
FAKSAGM,2
VGNQWGA,2
GGQKIQD,1
TPKSPDP,1
SHNNNFA,1
TLQSTVT,1
ERVAKDD,1
GPSVQRM,1
KCSTYGE,1
KLMPASA,2
PNDGLSS,1
PTTQYPT,1
GIGVMRN,1
VQISAHR,1
STAMSLM,1
CVFAGRL,1
CMGYRMF,1
NPPHQQN,1
ITSSAAR,1
RSAGRGE,1
GLADTSM,1
VGGWGQF,1
ATYKQHG,1
TNANVGR,1
SIAPQPE,1
TCRLDDM,1
CYPPARG,2
NRIKGLG,1
RDKTSLV,1
GLDDKDG,1
QINQDCY,1
PPPTHCV,1
REKCANS,2
TAQTSIR,1
RSINQ,1
NVDADKVMITNEEEIKTTNPVATESYGQVATNHQSAQVFDKRHS,1
QTTNQRT,1
VNLTAKN,1
RANEELL,1
SCGRCEI,1
SSGLKIY,1
ASDPHEP,1
IKENDQH,1
PQGKQFA,2
EKCSPQR,1
HSAIRSS,1
HVQTKGH,1
EVCIITV,1
QNHTTSA,1
YRKAEGD,1
ESCMSHI,1
TETNTVM,1
PKSVILC,1
TPKPSHL,1
IKINGTW,1
ASVRAAT,1
SETGIET,1
LAGRRDT,1
CYAPTPK,1
CQVINNI,1
IGTAKGF,1
KSLDEAL,1
TGTRYGT,1
CLGVVGP,1
QQWGSQL,1
PCGDIRL,1
RHGDQNY,1
NKPSLHS,1
EVSCANR,1
QCVKTRI,2
LPETELT,1
MCASGLH,1
KTMATVQ,1
AFFRYRT,1
QVTSASK,1
YQNNRNV,1
TNGDKYC,3
NYHTPQK,1
STVTHTI,1
PHNGEKY,1
RMACEGG,2
KAKCNMS,1
DSGDVCK,1
SKLMDGC,1
VLTVDKS,1
SNEQTHV,1
ALQTNIP,1
QESGTLI,1
EIVRGHY,1
SLKVFSA,1
AGLYKSN,1
TLRRVVV,1
VAKTHSG,1
EVQQKYC,3
NEWHSLP,2
QRAMQKF,1
RQMSTVI,1
KQLGVLS,2
VPGLRAI,1
HNHPTYD,1
PIVLTIS,1
SDENNYA,1
SHMQSNV,1
PQVTDSL,1
YGRIKNC,1
QDKSVVF,1
SEAINSP,1
PKSELRI,1
TNLHTSH,1
TQSNSFA,1
MRDKH,1
AGCEFGS,1
RYGSSGS,1
ALMTYDT,1
DDVMNPT,1
GCMRSQQ,1
ATSQGIR,1
GSMNQRI,1
LHVDANW,1
CKPHMPI,1
QREYIRV,1
TVRISSA,1
CGGIVKG,1
PTPKRAD,1
TNYGLNK,2
VGPAEKL,2
SLICFDG,1
PYPTGCS,1
KNHQSSP,1
SETGNET,1
KYGLTER,1
FIGACTM,1
LQTLEH,1
MGRDTEL,1
TLVLPSS,1
CHSMKII,1
SRIDNYT,1
YMRNSMA,2
MRAGEGR,2
TLRVNMG,1
CRLITLD,2
EDYSQVT,1
MSPATQC,1
VALLRSN,1
TTQTQLY,1
SERWSIA,1
AIEWPVI,1
CNGACVP,1
TKLGKYT,1
GDLVRNN,1
HYGALPR,1
LENKK,1
LDDKVAL,1
RDMAAHR,1
HGVAHEY,1
VISDTYM,1
TTAQVKP,1
IKKQIGH,1
PSMSVMV,1
GLKQQLD,1
TVLGCKG,1
WGQHDPP,1
MNHQIDR,2
EGQTHIS,1
TLQGGLM,1
LKTQAEW,2
VTTNHQSAQVTMWQML,1
VVGKTLM,1
GEDVRAK,1
STYQCDV,2
TNRQTMA,1
ADMTNKA,1
HSQKEHP,1
PHRTHHG,1
MAEPVRQ,1
QGGMASR,1
MKPTRVI,1
EVVSAHF,1
PTIITHV,1
EVKEKDN,1
MRPGTDT,1
LQCEKHN,1
AGVTSTR,1
ELIKSMT,1
VTRGHVL,1
SSTNVGK,2
CSQNHMS,1
AYTHKMH,1
NDFFRGR,1
SRVGEHG,1
THQITPH,1
NTLHRNT,1
NSRMEHD,1
RDPDKVMITNEEEIKTTNPVATESYGQVATNHQSAQMAVNNAK,1
LSTKDVG,1
TRAKEQG,1
TLSCSTD,2
NRENTQP,1
WIGTSR,1
AAQWLGL,1
VPNGCPN,1
SWGMRNG,1
NTNSTPY,1
QGAQSRP,1
DAYMHRC,1
TRTEKLS,1
DCGDSKV,1
CLLSPAN,1
DERSTAR,1
APKLNHE,1
SASNAAC,1
RTAGTMR,1
KYEKSLP,1
HHSLSCA,2
TYDEYNS,1
NCPTRMM,1
CPELENS,1
QGVSLKY,1
SRPPPPT,1
MSQLILA,1
SVYHTRS,1
KSVVLLT,1
KKAGQDR,1
IETYVPR,1
FEVRVTT,1
SIVGMGR,1
SSHVDHS,1
NHRALSP,1
TGRVPNV,2
AMHNAPK,1
NAQRKQD,2
PLLEGAV,1
EPHTDPS,1
GGYMREL,1
FVMNLTYS,1
PGIESEI,1
RDVGAGY,1
KDQEVTG,1
HSNRREP,1
YGIKQYG,1
KSQTAKI,2
KSAPQFA,1
ILMPNNG,1
DMAPRSA,1
RQLTACF,1
YSKVANP,1
TWGVTAH,1
EEWETKV,1
NYNRAVS,1
RDVRCNA,1
AFAAFQD,1
INHNRAN,1
RATQDAF,1
NVGGFCA,1
GQMERKG,1
YRHHE,1
SQNSNYD,1
VLGRCTS,1
QACHAHR,1
EHTWDGR,1
VSFGTPT,1
REPRCVV,1
HSKQSHV,1
HYEQYFP,1
AIQSIRQ,1
SYGGYSA,1
GKTAQAR,1
EALNTVS,1
IKHEGHP,1
ADTFEQF,1
TDTSSAK,1
TWDTQRQ,1
VLCGVDA,1
CYPVGQA,1
KQSSPHS,1
MVGKVMP,1
KLNNQSG,2
LIGDGRF,1
NKWTVGE,1
VRVYKNC,1
VRGQNAN,1
KTPNMGS,1
HITYLFT,1
MAGWGVG,2
GLTKWGG,1
VFVLGQI,1
NAVTRQC,1
GDRQMSL,1
FHQVNMD,1
SRSKIEG,1
HYLASAG,1
KVRKKQP,1
QCMTLEE,1
GSKMVCL,1
AKDVKNW,1
VWWGNPC,1
STPTKIP,1
AGSGFQC,1
GPHLNKR,1
EAQRQAL,1
RMATQIV,1
CMGTVYM,1
DYKKQLQ,1
ATQTQLY,1
CRLLKKS,1
EGTWVST,1
LRINNEP,1
VSSIIQC,1
TGDGWST,1
WRVVEEI,1
RHSAQRF,1
TQHPNVP,1
GHGDHDD,1
REKCVNS,1
VEETFGC,1
VQPEPSG,1
LLGCNIS,1
AKKGEMH,1
KMHDNVV,1
RLLASMD,1
CNVAPIA,1
ERYNLSG,1
CLDNEYE,1
ANTVNKN,1
CTAQPNN,1
HLAQPFF,1
PVVGKKF,1
CILALAA,1
NSVHRSA,1
RIAGAQG,1
QSGHTYP,1
QESVAKR,1
QRLDFNV,1
SRQDCVK,1
EEDCGVS,1
LNHGDNI,1
VRLKSHI,1
SSSGCDG,1
LEKSLEH,1
QTIGRQH,1
PQTISMY,1
WEVEKCH,1
VECGNGN,1
SVLSLCS,1
IVSGMHM,1
STQRGV,1
PRQNVAI,1
LAKTDKE,1
KSDQTLP,1
LNNGAMN,1
EGHTLQE,1
DNVDADKVMITNEEEIKTTNPVATESYGQVATNHQS,1
LADWEFM,1
GHACKEG,1
VVAHDVT,1
PPRTDCD,1
KAMSTLH,1
QMCTGHT,1
GYGRGLI,1
PRSTPPI,1
PTASNHP,1
NKTGGNP,1
GTSAC*T,1
VIGMKYF,1
SGEQRWR,1
RAGNLVR,1
TMREC,1
LAIAEAA,1
YTQMHHM,1
CVMDVGT,1
CHDWTLS,1
CCGVSVA,1
VHVVKHG,1
